code,name,board_type,subtype,source,cid
803014,海峡两岸,concept,同花顺概念,zzshare,
710002,DeFi 去中心化金融,concept,同花顺概念,zzshare,
803003,摩尔线程概念,concept,同花顺题材,zzshare,
803012,SOFC电池,concept,同花顺题材,zzshare,
803017,消防,concept,同花顺题材,zzshare,
803023,AI应用,concept,同花顺题材,zzshare,
803024,低价股,concept,同花顺题材,zzshare,
803029,物理AI,concept,同花顺题材,zzshare,
883436,周期,concept,同花顺概念,zzshare,
801001,芯片,concept,同花顺题材,zzshare,
801004,锂电池,concept,同花顺题材,zzshare,
801012,钢铁,concept,同花顺题材,zzshare,
801019,物流,concept,同花顺题材,zzshare,
801027,银行,concept,同花顺题材,zzshare,
801031,文化传媒,concept,同花顺题材,zzshare,
801033,国有企业,concept,同花顺题材,zzshare,
801035,酿酒,concept,同花顺题材,zzshare,
801039,机场航空,concept,同花顺题材,zzshare,
801040,造纸,concept,同花顺题材,zzshare,
801045,医药,concept,同花顺题材,zzshare,
801046,医疗器械,concept,同花顺题材,zzshare,
801047,钠电池,concept,同花顺题材,zzshare,
801048,黄金,concept,同花顺题材,zzshare,
801050,彩票概念,concept,同花顺题材,zzshare,
801052,环保,concept,同花顺题材,zzshare,
801053,零售,concept,同花顺题材,zzshare,
801057,石油石化,concept,同花顺题材,zzshare,
801059,字节概念,concept,同花顺题材,zzshare,
801067,面板,concept,同花顺题材,zzshare,
801069,家电,concept,同花顺题材,zzshare,
801070,光伏,concept,同花顺题材,zzshare,
801071,保险,concept,同花顺题材,zzshare,
801075,自主可控,concept,同花顺题材,zzshare,
801080,煤炭,concept,同花顺题材,zzshare,
801081,证券,concept,同花顺题材,zzshare,
801082,ST摘帽,concept,同花顺题材,zzshare,
801086,玻璃,concept,同花顺题材,zzshare,
801088,有色金属,concept,同花顺题材,zzshare,
801092,铅酸电池,concept,同花顺题材,zzshare,
801095,游戏,concept,同花顺题材,zzshare,
801100,生育概念,concept,同花顺题材,zzshare,
801114,外贸,concept,同花顺题材,zzshare,
801115,海南,concept,同花顺题材,zzshare,
801117,港口,concept,同花顺题材,zzshare,
801120,电力,concept,同花顺题材,zzshare,
801123,服装家纺,concept,同花顺题材,zzshare,
801132,粤港澳,concept,同花顺题材,zzshare,
801133,eSIM,concept,同花顺题材,zzshare,
801137,醋酸,concept,同花顺题材,zzshare,
801144,医美,concept,同花顺题材,zzshare,
801157,智慧停车,concept,同花顺题材,zzshare,
801162,超跌,concept,同花顺题材,zzshare,
801164,自行车,concept,同花顺题材,zzshare,
801168,工业气体,concept,同花顺题材,zzshare,
801169,VR/AR/MR,concept,同花顺题材,zzshare,
801184,包装印刷,concept,同花顺题材,zzshare,
801193,知识产权,concept,同花顺题材,zzshare,
801196,LED,concept,同花顺题材,zzshare,
801199,汽车零部件,concept,同花顺题材,zzshare,
801202,世界杯概念,concept,同花顺题材,zzshare,
801209,振兴东北,concept,同花顺题材,zzshare,
801210,操作系统,concept,同花顺题材,zzshare,
801211,新疆,concept,同花顺题材,zzshare,
801220,食品饮料,concept,同花顺题材,zzshare,
801232,环球影城,concept,同花顺题材,zzshare,
801234,航运,concept,同花顺题材,zzshare,
801235,化工,concept,同花顺题材,zzshare,
801241,核污染概念,concept,同花顺题材,zzshare,
801246,水务,concept,同花顺题材,zzshare,
801248,智能驾驶,concept,同花顺题材,zzshare,
801251,送转预期,concept,同花顺题材,zzshare,
801253,数字能源,concept,同花顺题材,zzshare,
801254,防脱发,concept,同花顺题材,zzshare,
801270,基础建设,concept,同花顺题材,zzshare,
801273,股权转让,concept,同花顺题材,zzshare,
801306,深圳,concept,同花顺题材,zzshare,
801310,浙江,concept,同花顺题材,zzshare,
801313,金融概念,concept,同花顺题材,zzshare,
801319,福建,concept,同花顺题材,zzshare,
801321,广电网,concept,同花顺题材,zzshare,
801322,芬太尼替代,concept,同花顺题材,zzshare,
801328,消费电子,concept,同花顺题材,zzshare,
801330,旅游,concept,同花顺题材,zzshare,
801332,大麻,concept,同花顺题材,zzshare,
801342,超高清视频,concept,同花顺题材,zzshare,
801351,科创板,concept,同花顺题材,zzshare,
801359,华为海思,concept,同花顺题材,zzshare,
801366,业绩增长,concept,同花顺题材,zzshare,
801369,病毒防治,concept,同花顺题材,zzshare,
801374,造船,concept,同花顺题材,zzshare,
801377,金刚石概念,concept,同花顺题材,zzshare,
801380,生鲜电商,concept,同花顺题材,zzshare,
801382,分拆上市预期,concept,同花顺题材,zzshare,
801386,轨道交通,concept,同花顺题材,zzshare,
801388,VPN,concept,同花顺题材,zzshare,
801391,美容护理,concept,同花顺题材,zzshare,
801411,柔性屏,concept,同花顺题材,zzshare,
801414,教育,concept,同花顺题材,zzshare,
801433,光学镜头,concept,同花顺题材,zzshare,
801445,元器件,concept,同花顺题材,zzshare,
801450,年报预增,concept,同花顺题材,zzshare,
801451,wifi6/7,concept,同花顺题材,zzshare,
801457,武汉,concept,同花顺题材,zzshare,
801461,C2M,concept,同花顺题材,zzshare,
801462,RCS,concept,同花顺题材,zzshare,
801464,农业,concept,同花顺题材,zzshare,
801467,REITs,concept,同花顺题材,zzshare,
801468,电子烟,concept,同花顺题材,zzshare,
801471,免税,concept,同花顺题材,zzshare,
801493,光储充一体化,concept,同花顺题材,zzshare,
801519,汽车类,concept,同花顺题材,zzshare,
801529,激光,concept,同花顺题材,zzshare,
801530,中字头,concept,同花顺题材,zzshare,
801547,碳基材料,concept,同花顺题材,zzshare,
801571,一季报增长,concept,同花顺题材,zzshare,
801572,中报增长,concept,同花顺题材,zzshare,
801573,三季报增长,concept,同花顺题材,zzshare,
801574,年报增长,concept,同花顺题材,zzshare,
801575,智慧矿山,concept,同花顺题材,zzshare,
801576,石墨化,concept,同花顺题材,zzshare,
801578,铀矿,concept,同花顺题材,zzshare,
801579,垃圾发电,concept,同花顺题材,zzshare,
801580,发电机,concept,同花顺题材,zzshare,
801589,电机电控,concept,同花顺题材,zzshare,
801595,北交所,concept,同花顺题材,zzshare,
801606,成渝经济圈,concept,同花顺题材,zzshare,
801613,幽门螺杆菌,concept,同花顺题材,zzshare,
801622,跨境支付,concept,同花顺题材,zzshare,
801623,远东开发,concept,同花顺题材,zzshare,
801625,在线办公,concept,同花顺题材,zzshare,
801635,平台经济,concept,同花顺题材,zzshare,
801637,文创产品,concept,同花顺题材,zzshare,
801640,就业概念,concept,同花顺题材,zzshare,
801642,石英材料,concept,同花顺题材,zzshare,
801648,数字藏品,concept,同花顺题材,zzshare,
801651,湖南,concept,同花顺题材,zzshare,
801653,霍乱概念,concept,同花顺题材,zzshare,
801656,热泵,concept,同花顺题材,zzshare,
801660,通信,concept,同花顺题材,zzshare,
801662,火电灵活改造,concept,同花顺题材,zzshare,
801672,web3.0,concept,同花顺题材,zzshare,
801676,地产链,concept,同花顺题材,zzshare,
801694,非金属材料,concept,同花顺题材,zzshare,
801733,中特估,concept,同花顺题材,zzshare,
801741,云南省,concept,同花顺题材,zzshare,
801742,内蒙古自治区,concept,同花顺题材,zzshare,
801743,北京市,concept,同花顺题材,zzshare,
801745,四川省,concept,同花顺题材,zzshare,
801747,宁夏回族自治区,concept,同花顺题材,zzshare,
801751,广东省,concept,同花顺题材,zzshare,
801752,广西壮族自治区,concept,同花顺题材,zzshare,
801754,江苏省,concept,同花顺题材,zzshare,
801760,湖北省,concept,同花顺题材,zzshare,
801762,甘肃省,concept,同花顺题材,zzshare,
801764,西藏自治区,concept,同花顺题材,zzshare,
801767,重庆市,concept,同花顺题材,zzshare,
801768,陕西省,concept,同花顺题材,zzshare,
801773,热力,concept,同花顺题材,zzshare,
801777,AMD概念,concept,同花顺题材,zzshare,
801787,实控人变更,concept,同花顺题材,zzshare,
801788,仪器仪表,concept,同花顺题材,zzshare,
801807,算力,concept,同花顺题材,zzshare,
801814,中电科重组,concept,同花顺题材,zzshare,
801825,烟花爆竹,concept,同花顺题材,zzshare,
801856,破净股概念,concept,同花顺题材,zzshare,
801871,汽车充电,concept,同花顺题材,zzshare,
801873,首发经济,concept,同花顺题材,zzshare,
801874,电源,concept,同花顺题材,zzshare,
801878,端侧AI,concept,同花顺题材,zzshare,
801880,燃气轮机,concept,同花顺题材,zzshare,
801896,成人用品,concept,同花顺题材,zzshare,
801909,可转债,concept,同花顺题材,zzshare,
801920,硫化物,concept,同花顺题材,zzshare,
801932,海洋经济,concept,同花顺题材,zzshare,
801950,中欧概念,concept,同花顺题材,zzshare,
801956,卫生护理,concept,同花顺题材,zzshare,
801961,影石概念,concept,同花顺题材,zzshare,
801964,压缩机,concept,同花顺题材,zzshare,
801970,集装箱,concept,同花顺题材,zzshare,
801973,保健品,concept,同花顺题材,zzshare,
801978,中科系,concept,同花顺题材,zzshare,
801990,外卖概念,concept,同花顺题材,zzshare,
801992,文交所,concept,同花顺题材,zzshare,
801994,西藏水电站,concept,同花顺题材,zzshare,
801995,MIM,concept,同花顺题材,zzshare,
801996,社保卡,concept,同花顺题材,zzshare,
